﻿{
    "TotalCatalogs":  33,
    "CollectedAt":  "2026-01-06 20:42:41",
    "Catalogs":  [
                     {
                         "PersistUserChanges":  0,
                         "TotalCount":  null,
                         "Uid":  17,
                         "Name":  "A_CL10_W2K8_COPATH",
                         "SessionSupport":  1,
                         "AvailableCount":  0,
                         "MasterImagePath":  null,
                         "MasterImageName":  null,
                         "ProvisioningSchemeUid":  null,
                         "AllocationType":  1,
                         "InUseCount":  null,
                         "ProvisioningType":  0,
                         "ProvisioningSchemeName":  null
                     },
                     {
                         "PersistUserChanges":  0,
                         "TotalCount":  null,
                         "Uid":  16,
                         "Name":  "A_CL10_W2K8_P_FETAL",
                         "SessionSupport":  1,
                         "AvailableCount":  0,
                         "MasterImagePath":  null,
                         "MasterImageName":  null,
                         "ProvisioningSchemeUid":  null,
                         "AllocationType":  1,
                         "InUseCount":  null,
                         "ProvisioningType":  0,
                         "ProvisioningSchemeName":  null
                     },
                     {
                         "PersistUserChanges":  0,
                         "TotalCount":  null,
                         "Uid":  15,
                         "Name":  "A_CL10_W2K8_T_Apps1",
                         "SessionSupport":  1,
                         "AvailableCount":  0,
                         "MasterImagePath":  null,
                         "MasterImageName":  null,
                         "ProvisioningSchemeUid":  null,
                         "AllocationType":  1,
                         "InUseCount":  null,
                         "ProvisioningType":  0,
                         "ProvisioningSchemeName":  null
                     },
                     {
                         "PersistUserChanges":  1,
                         "TotalCount":  null,
                         "Uid":  43,
                         "Name":  "A_MAIN",
                         "SessionSupport":  1,
                         "AvailableCount":  1,
                         "MasterImagePath":  null,
                         "MasterImageName":  null,
                         "ProvisioningSchemeUid":  null,
                         "AllocationType":  1,
                         "InUseCount":  null,
                         "ProvisioningType":  1,
                         "ProvisioningSchemeName":  null
                     },
                     {
                         "ProvisioningSchemeUid":  "27a293fa-016e-48c9-a7db-6fdb80aa41fc",
                         "InUseCount":  null,
                         "Name":  "Authello_P_A_CLXX_W16",
                         "ProvisioningSchemeName":  "Authello_P_A_CLXX_W16",
                         "MasterImageLatestSnapshot":  null,
                         "AvailableCount":  0,
                         "LatestSnapshotName":  null,
                         "Uid":  30,
                         "TotalCount":  null,
                         "MasterImageVM":  "XDHyp:\\HostingUnits\\Cluster07\\Authello-Prod-v5.vm\\Authello_Prod.snapshot\\250709.snapshot\\251121.snapshot\\251121v2.snapshot",
                         "ProvisioningType":  2,
                         "MasterImageName":  "XDHyp:\\HostingUnits\\Cluster07\\Authello-Prod-v5.vm\\Authello_Prod.snapshot\\250709.snapshot\\251121.snapshot\\251121v2.snapshot",
                         "MasterImageSnapshots":  [

                                                  ],
                         "ClusterName":  "07",
                         "HostingUnitName":  "Cluster07",
                         "SessionSupport":  1,
                         "PersistUserChanges":  1,
                         "ImageMachineName":  "XDHyp:\\HostingUnits\\Cluster07\\Authello-Prod-v5.vm\\Authello_Prod.snapshot\\250709.snapshot\\251121.snapshot\\251121v2.snapshot",
                         "MasterImagePath":  null,
                         "AllocationType":  1
                     },
                     {
                         "ProvisioningSchemeUid":  "52aeb2bb-2ee5-41d7-8bb7-373e3a1f3cb2",
                         "InUseCount":  null,
                         "Name":  "Authello_T_A_CLXX_W16",
                         "ProvisioningSchemeName":  "Authello_T_A_CLXX_W16",
                         "MasterImageLatestSnapshot":  null,
                         "AvailableCount":  0,
                         "LatestSnapshotName":  null,
                         "Uid":  34,
                         "TotalCount":  null,
                         "MasterImageVM":  "XDHyp:\\HostingUnits\\Clustero09\\Authello_Test_v6.vm\\Layered Image Deployed.snapshot\\250210.snapshot",
                         "ProvisioningType":  2,
                         "MasterImageName":  "XDHyp:\\HostingUnits\\Clustero09\\Authello_Test_v6.vm\\Layered Image Deployed.snapshot\\250210.snapshot",
                         "MasterImageSnapshots":  [

                                                  ],
                         "ClusterName":  "o09",
                         "HostingUnitName":  "Clustero09",
                         "SessionSupport":  1,
                         "PersistUserChanges":  1,
                         "ImageMachineName":  "XDHyp:\\HostingUnits\\Clustero09\\Authello_Test_v6.vm\\Layered Image Deployed.snapshot\\250210.snapshot",
                         "MasterImagePath":  null,
                         "AllocationType":  1
                     },
                     {
                         "ProvisioningSchemeUid":  "49aec3bb-0410-4a22-bf80-194072853712",
                         "InUseCount":  null,
                         "Name":  "Clinical_Desktop_P_M_CL01_W22",
                         "ProvisioningSchemeName":  "Clinical_Desktop_P_M_CL01_W22",
                         "MasterImageLatestSnapshot":  null,
                         "AvailableCount":  0,
                         "LatestSnapshotName":  null,
                         "Uid":  32,
                         "TotalCount":  null,
                         "MasterImageVM":  "XDHyp:\\HostingUnits\\Marlboro_Vlan371\\Clinical_Desktop_Master.vm\\251002.snapshot\\251030.snapshot\\251104.snapshot\\251114.snapshot\\251121.snapshot",
                         "ProvisioningType":  2,
                         "MasterImageName":  "XDHyp:\\HostingUnits\\Marlboro_Vlan371\\Clinical_Desktop_Master.vm\\251002.snapshot\\251030.snapshot\\251104.snapshot\\251114.snapshot\\251121.snapshot",
                         "MasterImageSnapshots":  [

                                                  ],
                         "ClusterName":  "Marlboro_Vlan371",
                         "HostingUnitName":  "Marlboro_Vlan371",
                         "SessionSupport":  1,
                         "PersistUserChanges":  1,
                         "ImageMachineName":  "XDHyp:\\HostingUnits\\Marlboro_Vlan371\\Clinical_Desktop_Master.vm\\251002.snapshot\\251030.snapshot\\251104.snapshot\\251114.snapshot\\251121.snapshot",
                         "MasterImagePath":  null,
                         "AllocationType":  1
                     },
                     {
                         "ProvisioningSchemeUid":  "b61d7d6e-e164-4b28-9eba-d342ffd8c4df",
                         "InUseCount":  null,
                         "Name":  "Clinical_Desktop_T_M_CL01_W22",
                         "ProvisioningSchemeName":  "Clinical_Desktop_T_M_CL01_W22",
                         "MasterImageLatestSnapshot":  null,
                         "AvailableCount":  0,
                         "LatestSnapshotName":  null,
                         "Uid":  19,
                         "TotalCount":  null,
                         "MasterImageVM":  "XDHyp:\\HostingUnits\\Marlboro_Vlan371\\Clinical_Desktop_Master.vm\\Clinical_250820.snapshot\\Clinical_250821.snapshot\\250709.snapshot\\251002.snapshot\\251030.snapshot\\251104.snapshot\\251114.snapshot",
                         "ProvisioningType":  2,
                         "MasterImageName":  "XDHyp:\\HostingUnits\\Marlboro_Vlan371\\Clinical_Desktop_Master.vm\\Clinical_250820.snapshot\\Clinical_250821.snapshot\\250709.snapshot\\251002.snapshot\\251030.snapshot\\251104.snapshot\\251114.snapshot",
                         "MasterImageSnapshots":  [

                                                  ],
                         "ClusterName":  "Marlboro_Vlan371",
                         "HostingUnitName":  "Marlboro_Vlan371",
                         "SessionSupport":  1,
                         "PersistUserChanges":  1,
                         "ImageMachineName":  "XDHyp:\\HostingUnits\\Marlboro_Vlan371\\Clinical_Desktop_Master.vm\\Clinical_250820.snapshot\\Clinical_250821.snapshot\\250709.snapshot\\251002.snapshot\\251030.snapshot\\251104.snapshot\\251114.snapshot",
                         "MasterImagePath":  null,
                         "AllocationType":  1
                     },
                     {
                         "PersistUserChanges":  0,
                         "TotalCount":  null,
                         "Uid":  13,
                         "Name":  "CTXUtility",
                         "SessionSupport":  1,
                         "AvailableCount":  0,
                         "MasterImagePath":  null,
                         "MasterImageName":  null,
                         "ProvisioningSchemeUid":  null,
                         "AllocationType":  1,
                         "InUseCount":  null,
                         "ProvisioningType":  0,
                         "ProvisioningSchemeName":  null
                     },
                     {
                         "ProvisioningSchemeUid":  "511d4e0f-6f8c-458e-a679-3ba309e2e6dc",
                         "InUseCount":  null,
                         "Name":  "GeneralDesktop_P_CL07_W11",
                         "ProvisioningSchemeName":  "GeneralDesktop_P_CL07_W11",
                         "MasterImageLatestSnapshot":  null,
                         "AvailableCount":  0,
                         "LatestSnapshotName":  null,
                         "Uid":  35,
                         "TotalCount":  null,
                         "MasterImageVM":  "XDHyp:\\HostingUnits\\Cluster07\\Win11-General.vm\\251003.snapshot\\251104.snapshot",
                         "ProvisioningType":  2,
                         "MasterImageName":  "XDHyp:\\HostingUnits\\Cluster07\\Win11-General.vm\\251003.snapshot\\251104.snapshot",
                         "MasterImageSnapshots":  [

                                                  ],
                         "ClusterName":  "07",
                         "HostingUnitName":  "Cluster07",
                         "SessionSupport":  0,
                         "PersistUserChanges":  1,
                         "ImageMachineName":  "XDHyp:\\HostingUnits\\Cluster07\\Win11-General.vm\\251003.snapshot\\251104.snapshot",
                         "MasterImagePath":  null,
                         "AllocationType":  1
                     },
                     {
                         "ProvisioningSchemeUid":  "7c25e2cb-6ccf-424e-a375-abc43975e5bc",
                         "InUseCount":  null,
                         "Name":  "HelpDesk_P_A_CLXX_W16",
                         "ProvisioningSchemeName":  "HelpDesk_P_A_CLXX_W16",
                         "MasterImageLatestSnapshot":  null,
                         "AvailableCount":  0,
                         "LatestSnapshotName":  null,
                         "Uid":  29,
                         "TotalCount":  null,
                         "MasterImageVM":  "XDHyp:\\HostingUnits\\Marlboro_Vlan371\\HDMaster_M.vm\\HDMaster-250724.snapshot\\HDMaster-250809.snapshot\\250825.snapshot\\251002.snapshot",
                         "ProvisioningType":  2,
                         "MasterImageName":  "XDHyp:\\HostingUnits\\Marlboro_Vlan371\\HDMaster_M.vm\\HDMaster-250724.snapshot\\HDMaster-250809.snapshot\\250825.snapshot\\251002.snapshot",
                         "MasterImageSnapshots":  [

                                                  ],
                         "ClusterName":  "Marlboro_Vlan371",
                         "HostingUnitName":  "Marlboro_Vlan371",
                         "SessionSupport":  1,
                         "PersistUserChanges":  1,
                         "ImageMachineName":  "XDHyp:\\HostingUnits\\Marlboro_Vlan371\\HDMaster_M.vm\\HDMaster-250724.snapshot\\HDMaster-250809.snapshot\\250825.snapshot\\251002.snapshot",
                         "MasterImagePath":  null,
                         "AllocationType":  1
                     },
                     {
                         "ProvisioningSchemeUid":  "2448101a-8a91-4869-9c7d-938a12c97c15",
                         "InUseCount":  null,
                         "Name":  "Main_T_A_CLXX_W16",
                         "ProvisioningSchemeName":  "Main_T_A_CLXX_W16",
                         "MasterImageLatestSnapshot":  null,
                         "AvailableCount":  0,
                         "LatestSnapshotName":  null,
                         "Uid":  26,
                         "TotalCount":  null,
                         "MasterImageVM":  "XDHyp:\\HostingUnits\\Cluster07\\Main_Test_v6.vm\\250930.snapshot\\251016.snapshot",
                         "ProvisioningType":  2,
                         "MasterImageName":  "XDHyp:\\HostingUnits\\Cluster07\\Main_Test_v6.vm\\250930.snapshot\\251016.snapshot",
                         "MasterImageSnapshots":  [

                                                  ],
                         "ClusterName":  "07",
                         "HostingUnitName":  "Cluster07",
                         "SessionSupport":  1,
                         "PersistUserChanges":  1,
                         "ImageMachineName":  "XDHyp:\\HostingUnits\\Cluster07\\Main_Test_v6.vm\\250930.snapshot\\251016.snapshot",
                         "MasterImagePath":  null,
                         "AllocationType":  1
                     },
                     {
                         "PersistUserChanges":  1,
                         "TotalCount":  null,
                         "Uid":  42,
                         "Name":  "MAIN_TEST",
                         "SessionSupport":  1,
                         "AvailableCount":  0,
                         "MasterImagePath":  null,
                         "MasterImageName":  null,
                         "ProvisioningSchemeUid":  null,
                         "AllocationType":  1,
                         "InUseCount":  null,
                         "ProvisioningType":  1,
                         "ProvisioningSchemeName":  null
                     },
                     {
                         "PersistUserChanges":  0,
                         "TotalCount":  null,
                         "Uid":  12,
                         "Name":  "Manual Non-Provisioned VDAs",
                         "SessionSupport":  1,
                         "AvailableCount":  0,
                         "MasterImagePath":  null,
                         "MasterImageName":  null,
                         "ProvisioningSchemeUid":  null,
                         "AllocationType":  1,
                         "InUseCount":  null,
                         "ProvisioningType":  0,
                         "ProvisioningSchemeName":  null
                     },
                     {
                         "PersistUserChanges":  1,
                         "TotalCount":  null,
                         "Uid":  5,
                         "Name":  "MIGRATED_TEST App Servers West",
                         "SessionSupport":  1,
                         "AvailableCount":  2,
                         "MasterImagePath":  null,
                         "MasterImageName":  null,
                         "ProvisioningSchemeUid":  null,
                         "AllocationType":  1,
                         "InUseCount":  null,
                         "ProvisioningType":  1,
                         "ProvisioningSchemeName":  null
                     },
                     {
                         "PersistUserChanges":  0,
                         "TotalCount":  null,
                         "Uid":  14,
                         "Name":  "Non-Provisioned No Power Mgmt",
                         "SessionSupport":  1,
                         "AvailableCount":  0,
                         "MasterImagePath":  null,
                         "MasterImageName":  null,
                         "ProvisioningSchemeUid":  null,
                         "AllocationType":  1,
                         "InUseCount":  null,
                         "ProvisioningType":  0,
                         "ProvisioningSchemeName":  null
                     },
                     {
                         "PersistUserChanges":  1,
                         "TotalCount":  null,
                         "Uid":  2,
                         "Name":  "PROD APP Servers W2K16",
                         "SessionSupport":  1,
                         "AvailableCount":  28,
                         "MasterImagePath":  null,
                         "MasterImageName":  null,
                         "ProvisioningSchemeUid":  null,
                         "AllocationType":  1,
                         "InUseCount":  null,
                         "ProvisioningType":  1,
                         "ProvisioningSchemeName":  null
                     },
                     {
                         "PersistUserChanges":  1,
                         "TotalCount":  null,
                         "Uid":  6,
                         "Name":  "PROD App Servers West",
                         "SessionSupport":  1,
                         "AvailableCount":  7,
                         "MasterImagePath":  null,
                         "MasterImageName":  null,
                         "ProvisioningSchemeUid":  null,
                         "AllocationType":  1,
                         "InUseCount":  null,
                         "ProvisioningType":  1,
                         "ProvisioningSchemeName":  null
                     },
                     {
                         "PersistUserChanges":  1,
                         "TotalCount":  null,
                         "Uid":  11,
                         "Name":  "Prod Servers W2K16",
                         "SessionSupport":  1,
                         "AvailableCount":  4,
                         "MasterImagePath":  null,
                         "MasterImageName":  null,
                         "ProvisioningSchemeUid":  null,
                         "AllocationType":  1,
                         "InUseCount":  null,
                         "ProvisioningType":  1,
                         "ProvisioningSchemeName":  null
                     },
                     {
                         "PersistUserChanges":  0,
                         "TotalCount":  null,
                         "Uid":  41,
                         "Name":  "ProFusion",
                         "SessionSupport":  1,
                         "AvailableCount":  0,
                         "MasterImagePath":  null,
                         "MasterImageName":  null,
                         "ProvisioningSchemeUid":  null,
                         "AllocationType":  1,
                         "InUseCount":  null,
                         "ProvisioningType":  0,
                         "ProvisioningSchemeName":  null
                     },
                     {
                         "ProvisioningSchemeUid":  "3fa87bde-c3c0-457b-ab50-fd825c332620",
                         "InUseCount":  null,
                         "Name":  "RCM_Desktop_P_A_CL07_W22",
                         "ProvisioningSchemeName":  "RCM_Desktop_P_A_CL07_W22",
                         "MasterImageLatestSnapshot":  null,
                         "AvailableCount":  0,
                         "LatestSnapshotName":  null,
                         "Uid":  20,
                         "TotalCount":  null,
                         "MasterImageVM":  "XDHyp:\\HostingUnits\\Clustero09\\RCM-Desktop-W2K22-Master.vm\\250821.snapshot\\250709.snapshot\\251002.snapshot\\251030.snapshot\\251121.snapshot",
                         "ProvisioningType":  2,
                         "MasterImageName":  "XDHyp:\\HostingUnits\\Clustero09\\RCM-Desktop-W2K22-Master.vm\\250821.snapshot\\250709.snapshot\\251002.snapshot\\251030.snapshot\\251121.snapshot",
                         "MasterImageSnapshots":  [

                                                  ],
                         "ClusterName":  "o09",
                         "HostingUnitName":  "Clustero09",
                         "SessionSupport":  1,
                         "PersistUserChanges":  1,
                         "ImageMachineName":  "XDHyp:\\HostingUnits\\Clustero09\\RCM-Desktop-W2K22-Master.vm\\250821.snapshot\\250709.snapshot\\251002.snapshot\\251030.snapshot\\251121.snapshot",
                         "MasterImagePath":  null,
                         "AllocationType":  1
                     },
                     {
                         "ProvisioningSchemeUid":  "8499b920-1d9c-43b0-8f91-00f0d41f3413",
                         "InUseCount":  null,
                         "Name":  "RCM_Desktop_T_A_CL07_W22",
                         "ProvisioningSchemeName":  "RCM_Desktop_T_A_CL07_W22",
                         "MasterImageLatestSnapshot":  null,
                         "AvailableCount":  0,
                         "LatestSnapshotName":  null,
                         "Uid":  36,
                         "TotalCount":  null,
                         "MasterImageVM":  "XDHyp:\\HostingUnits\\Clustero09\\RCM-Desktop-W2K22-Master.vm\\RCMDesktop-250820.snapshot\\250821.snapshot\\250709.snapshot\\251002.snapshot\\251030.snapshot",
                         "ProvisioningType":  2,
                         "MasterImageName":  "XDHyp:\\HostingUnits\\Clustero09\\RCM-Desktop-W2K22-Master.vm\\RCMDesktop-250820.snapshot\\250821.snapshot\\250709.snapshot\\251002.snapshot\\251030.snapshot",
                         "MasterImageSnapshots":  [

                                                  ],
                         "ClusterName":  "o09",
                         "HostingUnitName":  "Clustero09",
                         "SessionSupport":  1,
                         "PersistUserChanges":  1,
                         "ImageMachineName":  "XDHyp:\\HostingUnits\\Clustero09\\RCM-Desktop-W2K22-Master.vm\\RCMDesktop-250820.snapshot\\250821.snapshot\\250709.snapshot\\251002.snapshot\\251030.snapshot",
                         "MasterImagePath":  null,
                         "AllocationType":  1
                     },
                     {
                         "ProvisioningSchemeUid":  "a6d75b18-d080-499a-ae51-d92f04b7e3c8",
                         "InUseCount":  null,
                         "Name":  "SFL_CPACS_CORAL_P_M_CL1_W16",
                         "ProvisioningSchemeName":  "SFL_CPACS_CORAL_P_M_CL1_W16",
                         "MasterImageLatestSnapshot":  null,
                         "AvailableCount":  2,
                         "LatestSnapshotName":  null,
                         "Uid":  38,
                         "TotalCount":  null,
                         "MasterImageVM":  "XDHyp:\\HostingUnits\\Marlboro_Vlan371\\SFLCPACS Coral Gables.vm\\Snapshot-240807.snapshot",
                         "ProvisioningType":  2,
                         "MasterImageName":  "XDHyp:\\HostingUnits\\Marlboro_Vlan371\\SFLCPACS Coral Gables.vm\\Snapshot-240807.snapshot",
                         "MasterImageSnapshots":  [

                                                  ],
                         "ClusterName":  "Marlboro_Vlan371",
                         "HostingUnitName":  "Marlboro_Vlan371",
                         "SessionSupport":  1,
                         "PersistUserChanges":  1,
                         "ImageMachineName":  "XDHyp:\\HostingUnits\\Marlboro_Vlan371\\SFLCPACS Coral Gables.vm\\Snapshot-240807.snapshot",
                         "MasterImagePath":  null,
                         "AllocationType":  1
                     },
                     {
                         "ProvisioningSchemeUid":  "1e1a25be-2668-4cf8-8f15-6c43cbb7a096",
                         "InUseCount":  null,
                         "Name":  "SFL_CPACS_P_M_CL1_W16",
                         "ProvisioningSchemeName":  "SFL_CPACS_P_M_CL1_W16",
                         "MasterImageLatestSnapshot":  null,
                         "AvailableCount":  0,
                         "LatestSnapshotName":  null,
                         "Uid":  37,
                         "TotalCount":  null,
                         "MasterImageVM":  "XDHyp:\\HostingUnits\\Marlboro_Vlan371\\SFLCPACS15Master-2023-06-05_16-27-43.370.vm\\SFL_PACS_Master.snapshot",
                         "ProvisioningType":  2,
                         "MasterImageName":  "XDHyp:\\HostingUnits\\Marlboro_Vlan371\\SFLCPACS15Master-2023-06-05_16-27-43.370.vm\\SFL_PACS_Master.snapshot",
                         "MasterImageSnapshots":  [

                                                  ],
                         "ClusterName":  "Marlboro_Vlan371",
                         "HostingUnitName":  "Marlboro_Vlan371",
                         "SessionSupport":  1,
                         "PersistUserChanges":  1,
                         "ImageMachineName":  "XDHyp:\\HostingUnits\\Marlboro_Vlan371\\SFLCPACS15Master-2023-06-05_16-27-43.370.vm\\SFL_PACS_Master.snapshot",
                         "MasterImagePath":  null,
                         "AllocationType":  1
                     },
                     {
                         "ProvisioningSchemeUid":  "a54251f0-883f-45f5-bdcc-23c4c3e090c2",
                         "InUseCount":  null,
                         "Name":  "Shared_P_A_CLXX_W16",
                         "ProvisioningSchemeName":  "Shared_P_A_CLXX_W16",
                         "MasterImageLatestSnapshot":  null,
                         "AvailableCount":  0,
                         "LatestSnapshotName":  null,
                         "Uid":  25,
                         "TotalCount":  null,
                         "MasterImageVM":  "XDHyp:\\HostingUnits\\Clustero09\\Shared_Apps_Farm1_v5.vm\\Shared_Apps_250808.snapshot\\250922.snapshot\\250923.snapshot\\250925.snapshot\\251121.snapshot",
                         "ProvisioningType":  2,
                         "MasterImageName":  "XDHyp:\\HostingUnits\\Clustero09\\Shared_Apps_Farm1_v5.vm\\Shared_Apps_250808.snapshot\\250922.snapshot\\250923.snapshot\\250925.snapshot\\251121.snapshot",
                         "MasterImageSnapshots":  [

                                                  ],
                         "ClusterName":  "o09",
                         "HostingUnitName":  "Clustero09",
                         "SessionSupport":  1,
                         "PersistUserChanges":  1,
                         "ImageMachineName":  "XDHyp:\\HostingUnits\\Clustero09\\Shared_Apps_Farm1_v5.vm\\Shared_Apps_250808.snapshot\\250922.snapshot\\250923.snapshot\\250925.snapshot\\251121.snapshot",
                         "MasterImagePath":  null,
                         "AllocationType":  1
                     },
                     {
                         "ProvisioningSchemeUid":  "6b04fec5-0809-4971-a2a9-8d56ac552a6b",
                         "InUseCount":  null,
                         "Name":  "Site2Main_P_A_CLXX_W16",
                         "ProvisioningSchemeName":  "Site2Main_P_A_CLXX_W16",
                         "MasterImageLatestSnapshot":  null,
                         "AvailableCount":  0,
                         "LatestSnapshotName":  null,
                         "Uid":  22,
                         "TotalCount":  null,
                         "MasterImageVM":  "XDHyp:\\HostingUnits\\Clustero09\\Farm2-Prod-Master.vm\\251121.snapshot\\251121v2.snapshot",
                         "ProvisioningType":  2,
                         "MasterImageName":  "XDHyp:\\HostingUnits\\Clustero09\\Farm2-Prod-Master.vm\\251121.snapshot\\251121v2.snapshot",
                         "MasterImageSnapshots":  [

                                                  ],
                         "ClusterName":  "o09",
                         "HostingUnitName":  "Clustero09",
                         "SessionSupport":  1,
                         "PersistUserChanges":  1,
                         "ImageMachineName":  "XDHyp:\\HostingUnits\\Clustero09\\Farm2-Prod-Master.vm\\251121.snapshot\\251121v2.snapshot",
                         "MasterImagePath":  null,
                         "AllocationType":  1
                     },
                     {
                         "ProvisioningSchemeUid":  "b351efec-72ba-492c-a659-92e87de90abe",
                         "InUseCount":  null,
                         "Name":  "Site2Main_T_A_CLXX_W16",
                         "ProvisioningSchemeName":  "Site2Main_T_A_CLXX_W16",
                         "MasterImageLatestSnapshot":  null,
                         "AvailableCount":  0,
                         "LatestSnapshotName":  null,
                         "Uid":  31,
                         "TotalCount":  null,
                         "MasterImageVM":  "XDHyp:\\HostingUnits\\Clustero09\\Site2_Test_v6.vm\\Layered Image Deployed.snapshot\\250930.snapshot",
                         "ProvisioningType":  2,
                         "MasterImageName":  "XDHyp:\\HostingUnits\\Clustero09\\Site2_Test_v6.vm\\Layered Image Deployed.snapshot\\250930.snapshot",
                         "MasterImageSnapshots":  [

                                                  ],
                         "ClusterName":  "o09",
                         "HostingUnitName":  "Clustero09",
                         "SessionSupport":  1,
                         "PersistUserChanges":  1,
                         "ImageMachineName":  "XDHyp:\\HostingUnits\\Clustero09\\Site2_Test_v6.vm\\Layered Image Deployed.snapshot\\250930.snapshot",
                         "MasterImagePath":  null,
                         "AllocationType":  1
                     },
                     {
                         "ProvisioningSchemeUid":  "eecd9297-61c9-43b9-a372-1eb513b0f67c",
                         "InUseCount":  null,
                         "Name":  "Site2Shared_P_A_CLXX_W16",
                         "ProvisioningSchemeName":  "Site2Shared_P_A_CLXX_W16",
                         "MasterImageLatestSnapshot":  null,
                         "AvailableCount":  0,
                         "LatestSnapshotName":  null,
                         "Uid":  24,
                         "TotalCount":  null,
                         "MasterImageVM":  "XDHyp:\\HostingUnits\\Clustero09\\Farm2-SharedApps-Master.vm\\site2Shared-250428.snapshot\\Site2Snared-250724.snapshot\\250828.snapshot\\251106.snapshot",
                         "ProvisioningType":  2,
                         "MasterImageName":  "XDHyp:\\HostingUnits\\Clustero09\\Farm2-SharedApps-Master.vm\\site2Shared-250428.snapshot\\Site2Snared-250724.snapshot\\250828.snapshot\\251106.snapshot",
                         "MasterImageSnapshots":  [

                                                  ],
                         "ClusterName":  "o09",
                         "HostingUnitName":  "Clustero09",
                         "SessionSupport":  1,
                         "PersistUserChanges":  1,
                         "ImageMachineName":  "XDHyp:\\HostingUnits\\Clustero09\\Farm2-SharedApps-Master.vm\\site2Shared-250428.snapshot\\Site2Snared-250724.snapshot\\250828.snapshot\\251106.snapshot",
                         "MasterImagePath":  null,
                         "AllocationType":  1
                     },
                     {
                         "PersistUserChanges":  0,
                         "TotalCount":  null,
                         "Uid":  9,
                         "Name":  "Steward XA 715 LTSR",
                         "SessionSupport":  1,
                         "AvailableCount":  0,
                         "MasterImagePath":  null,
                         "MasterImageName":  null,
                         "ProvisioningSchemeUid":  null,
                         "AllocationType":  1,
                         "InUseCount":  null,
                         "ProvisioningType":  0,
                         "ProvisioningSchemeName":  null
                     },
                     {
                         "PersistUserChanges":  1,
                         "TotalCount":  null,
                         "Uid":  1,
                         "Name":  "TEST APP Servers W2K16",
                         "SessionSupport":  1,
                         "AvailableCount":  7,
                         "MasterImagePath":  null,
                         "MasterImageName":  null,
                         "ProvisioningSchemeUid":  null,
                         "AllocationType":  1,
                         "InUseCount":  null,
                         "ProvisioningType":  1,
                         "ProvisioningSchemeName":  null
                     },
                     {
                         "ProvisioningSchemeUid":  "0f82065f-0964-47d1-9639-ee08b6d73ef0",
                         "InUseCount":  null,
                         "Name":  "West_P_A_CLXX_W16",
                         "ProvisioningSchemeName":  "West_P_A_CLXX_W16",
                         "MasterImageLatestSnapshot":  null,
                         "AvailableCount":  0,
                         "LatestSnapshotName":  null,
                         "Uid":  21,
                         "TotalCount":  null,
                         "MasterImageVM":  "XDHyp:\\HostingUnits\\Clustero09\\West_Prod_v5.vm\\West_Prod_250818_v2.snapshot\\West_Prod_250819.snapshot\\250827.snapshot\\250709.snapshot\\251121.snapshot\\251121v2.snapshot",
                         "ProvisioningType":  2,
                         "MasterImageName":  "XDHyp:\\HostingUnits\\Clustero09\\West_Prod_v5.vm\\West_Prod_250818_v2.snapshot\\West_Prod_250819.snapshot\\250827.snapshot\\250709.snapshot\\251121.snapshot\\251121v2.snapshot",
                         "MasterImageSnapshots":  [

                                                  ],
                         "ClusterName":  "o09",
                         "HostingUnitName":  "Clustero09",
                         "SessionSupport":  1,
                         "PersistUserChanges":  1,
                         "ImageMachineName":  "XDHyp:\\HostingUnits\\Clustero09\\West_Prod_v5.vm\\West_Prod_250818_v2.snapshot\\West_Prod_250819.snapshot\\250827.snapshot\\250709.snapshot\\251121.snapshot\\251121v2.snapshot",
                         "MasterImagePath":  null,
                         "AllocationType":  1
                     },
                     {
                         "ProvisioningSchemeUid":  "3821d9bd-c469-4a11-84e1-2dd195495b70",
                         "InUseCount":  null,
                         "Name":  "West_T_A_CLXX_W16",
                         "ProvisioningSchemeName":  "West_T_A_CLXX_W16",
                         "MasterImageLatestSnapshot":  null,
                         "AvailableCount":  0,
                         "LatestSnapshotName":  null,
                         "Uid":  33,
                         "TotalCount":  null,
                         "MasterImageVM":  "XDHyp:\\HostingUnits\\Clustero09\\West_Test_v5.vm\\West_Test_250807.snapshot\\West_Test_250819.snapshot\\250828.snapshot",
                         "ProvisioningType":  2,
                         "MasterImageName":  "XDHyp:\\HostingUnits\\Clustero09\\West_Test_v5.vm\\West_Test_250807.snapshot\\West_Test_250819.snapshot\\250828.snapshot",
                         "MasterImageSnapshots":  [

                                                  ],
                         "ClusterName":  "o09",
                         "HostingUnitName":  "Clustero09",
                         "SessionSupport":  1,
                         "PersistUserChanges":  1,
                         "ImageMachineName":  "XDHyp:\\HostingUnits\\Clustero09\\West_Test_v5.vm\\West_Test_250807.snapshot\\West_Test_250819.snapshot\\250828.snapshot",
                         "MasterImagePath":  null,
                         "AllocationType":  1
                     },
                     {
                         "ProvisioningSchemeUid":  "fc9a086c-e455-4dc8-b5a0-95f37e0ca569",
                         "InUseCount":  null,
                         "Name":  "Win11_Persistent_T",
                         "ProvisioningSchemeName":  "Win11_Persistent_T",
                         "MasterImageLatestSnapshot":  null,
                         "AvailableCount":  7,
                         "LatestSnapshotName":  null,
                         "Uid":  40,
                         "TotalCount":  null,
                         "MasterImageVM":  "XDHyp:\\HostingUnits\\Cluster07\\Win11Master.vm\\250923.snapshot\\251104.snapshot",
                         "ProvisioningType":  2,
                         "MasterImageName":  "XDHyp:\\HostingUnits\\Cluster07\\Win11Master.vm\\250923.snapshot\\251104.snapshot",
                         "MasterImageSnapshots":  [

                                                  ],
                         "ClusterName":  "07",
                         "HostingUnitName":  "Cluster07",
                         "SessionSupport":  0,
                         "PersistUserChanges":  0,
                         "ImageMachineName":  "XDHyp:\\HostingUnits\\Cluster07\\Win11Master.vm\\250923.snapshot\\251104.snapshot",
                         "MasterImagePath":  null,
                         "AllocationType":  0
                     }
                 ]
}
