﻿{
    "Summary":  {
                    "TotalEntitySets":  48,
                    "FailedCollections":  48,
                    "SuccessfulCollections":  0,
                    "TotalRecords":  0
                },
    "BaseUrl":  "https://shcaxddcp01v.ccr.cchcs.org:443/citrix/monitor/odata/v4/Data",
    "CollectionDate":  "2026-01-06 19:17:43",
    "EntitySets":  {
                       "AlertRuleInstanceDetails":  {
                                                        "CollectedAt":  "2026-01-06 19:17:43",
                                                        "Error":  "The remote server returned an error: (404) Not Found.",
                                                        "Success":  false
                                                    },
                       "LogOnMetrics":  {
                                            "CollectedAt":  "2026-01-06 19:17:47",
                                            "Error":  "The remote server returned an error: (404) Not Found.",
                                            "Success":  false
                                        },
                       "AlertRuleInstanceDetailsEx3":  {
                                                           "CollectedAt":  "2026-01-06 19:17:44",
                                                           "Error":  "The remote server returned an error: (404) Not Found.",
                                                           "Success":  false
                                                       },
                       "Sessions":  {
                                        "CollectedAt":  "2026-01-06 19:17:48",
                                        "Error":  "The remote server returned an error: (404) Not Found.",
                                        "Success":  false
                                    },
                       "ConnectionFailureDetails":  {
                                                        "CollectedAt":  "2026-01-06 19:17:45",
                                                        "Error":  "The remote server returned an error: (404) Not Found.",
                                                        "Success":  false
                                                    },
                       "AdminLogOnOperations":  {
                                                    "CollectedAt":  "2026-01-06 19:17:43",
                                                    "Error":  "The remote server returned an error: (404) Not Found.",
                                                    "Success":  false
                                                },
                       "Applications":  {
                                            "CollectedAt":  "2026-01-06 19:17:44",
                                            "Error":  "The remote server returned an error: (404) Not Found.",
                                            "Success":  false
                                        },
                       "FailureDetails":  {
                                              "CollectedAt":  "2026-01-06 19:17:46",
                                              "Error":  "The remote server returned an error: (404) Not Found.",
                                              "Success":  false
                                          },
                       "AlertRuleInstances":  {
                                                  "CollectedAt":  "2026-01-06 19:17:44",
                                                  "Error":  "The remote server returned an error: (404) Not Found.",
                                                  "Success":  false
                                              },
                       "Trends":  {
                                      "CollectedAt":  "2026-01-06 19:17:49",
                                      "Error":  "The remote server returned an error: (404) Not Found.",
                                      "Success":  false
                                  },
                       "ConnectionMetrics":  {
                                                 "CollectedAt":  "2026-01-06 19:17:46",
                                                 "Error":  "The remote server returned an error: (404) Not Found.",
                                                 "Success":  false
                                             },
                       "Failures":  {
                                        "CollectedAt":  "2026-01-06 19:17:46",
                                        "Error":  "The remote server returned an error: (404) Not Found.",
                                        "Success":  false
                                    },
                       "HistoricalData":  {
                                              "CollectedAt":  "2026-01-06 19:17:46",
                                              "Error":  "The remote server returned an error: (404) Not Found.",
                                              "Success":  false
                                          },
                       "ApplicationSessions":  {
                                                   "CollectedAt":  "2026-01-06 19:17:45",
                                                   "Error":  "The remote server returned an error: (404) Not Found.",
                                                   "Success":  false
                                               },
                       "ApplicationPerformanceMetrics":  {
                                                             "CollectedAt":  "2026-01-06 19:17:44",
                                                             "Error":  "The remote server returned an error: (404) Not Found.",
                                                             "Success":  false
                                                         },
                       "ActiveSessions":  {
                                              "CollectedAt":  "2026-01-06 19:17:43",
                                              "Error":  "The remote server returned an error: (404) Not Found.",
                                              "Success":  false
                                          },
                       "Machines":  {
                                        "CollectedAt":  "2026-01-06 19:17:48",
                                        "Error":  "The remote server returned an error: (404) Not Found.",
                                        "Success":  false
                                    },
                       "Hypervisors":  {
                                           "CollectedAt":  "2026-01-06 19:17:47",
                                           "Error":  "The remote server returned an error: (404) Not Found.",
                                           "Success":  false
                                       },
                       "LoadIndexes":  {
                                           "CollectedAt":  "2026-01-06 19:17:47",
                                           "Error":  "The remote server returned an error: (404) Not Found.",
                                           "Success":  false
                                       },
                       "PerformanceMetrics":  {
                                                  "CollectedAt":  "2026-01-06 19:17:48",
                                                  "Error":  "The remote server returned an error: (404) Not Found.",
                                                  "Success":  false
                                              },
                       "DeliveryGroups":  {
                                              "CollectedAt":  "2026-01-06 19:17:46",
                                              "Error":  "The remote server returned an error: (404) Not Found.",
                                              "Success":  false
                                          },
                       "AlertRuleInstanceDetailsEx4":  {
                                                           "CollectedAt":  "2026-01-06 19:17:44",
                                                           "Error":  "The remote server returned an error: (404) Not Found.",
                                                           "Success":  false
                                                       },
                       "MachineCatalogs":  {
                                               "CollectedAt":  "2026-01-06 19:17:47",
                                               "Error":  "The remote server returned an error: (404) Not Found.",
                                               "Success":  false
                                           },
                       "ApplicationFailures":  {
                                                   "CollectedAt":  "2026-01-06 19:17:44",
                                                   "Error":  "The remote server returned an error: (404) Not Found.",
                                                   "Success":  false
                                               },
                       "SessionsWithSummary":  {
                                                   "CollectedAt":  "2026-01-06 19:17:48",
                                                   "Error":  "The remote server returned an error: (404) Not Found.",
                                                   "Success":  false
                                               },
                       "MachinesWithSummary":  {
                                                   "CollectedAt":  "2026-01-06 19:17:48",
                                                   "Error":  "The remote server returned an error: (404) Not Found.",
                                                   "Success":  false
                                               },
                       "SessionFailures":  {
                                               "CollectedAt":  "2026-01-06 19:17:48",
                                               "Error":  "The remote server returned an error: (404) Not Found.",
                                               "Success":  false
                                           },
                       "BrokerSessions":  {
                                              "CollectedAt":  "2026-01-06 19:17:45",
                                              "Error":  "The remote server returned an error: (404) Not Found.",
                                              "Success":  false
                                          },
                       "AlertRuleInstanceDetailsEx5":  {
                                                           "CollectedAt":  "2026-01-06 19:17:44",
                                                           "Error":  "The remote server returned an error: (404) Not Found.",
                                                           "Success":  false
                                                       },
                       "AlertRuleDefinitions":  {
                                                    "CollectedAt":  "2026-01-06 19:17:43",
                                                    "Error":  "The remote server returned an error: (404) Not Found.",
                                                    "Success":  false
                                                },
                       "BrokerApplications":  {
                                                  "CollectedAt":  "2026-01-06 19:17:45",
                                                  "Error":  "The remote server returned an error: (404) Not Found.",
                                                  "Success":  false
                                              },
                       "ApplicationsWithSummary":  {
                                                       "CollectedAt":  "2026-01-06 19:17:45",
                                                       "Error":  "The remote server returned an error: (404) Not Found.",
                                                       "Success":  false
                                                   },
                       "BrokerMachines":  {
                                              "CollectedAt":  "2026-01-06 19:17:45",
                                              "Error":  "The remote server returned an error: (404) Not Found.",
                                              "Success":  false
                                          },
                       "HypervisorConnections":  {
                                                     "CollectedAt":  "2026-01-06 19:17:47",
                                                     "Error":  "The remote server returned an error: (404) Not Found.",
                                                     "Success":  false
                                                 },
                       "ConnectionFailureLogs":  {
                                                     "CollectedAt":  "2026-01-06 19:17:46",
                                                     "Error":  "The remote server returned an error: (404) Not Found.",
                                                     "Success":  false
                                                 },
                       "BrokerFailures":  {
                                              "CollectedAt":  "2026-01-06 19:17:45",
                                              "Error":  "The remote server returned an error: (404) Not Found.",
                                              "Success":  false
                                          },
                       "ConfigurationLogEntries":  {
                                                       "CollectedAt":  "2026-01-06 19:17:45",
                                                       "Error":  "The remote server returned an error: (404) Not Found.",
                                                       "Success":  false
                                                   },
                       "AlertRuleInstanceDetailsEx2":  {
                                                           "CollectedAt":  "2026-01-06 19:17:44",
                                                           "Error":  "The remote server returned an error: (404) Not Found.",
                                                           "Success":  false
                                                       },
                       "HistoricalTrends":  {
                                                "CollectedAt":  "2026-01-06 19:17:47",
                                                "Error":  "The remote server returned an error: (404) Not Found.",
                                                "Success":  false
                                            },
                       "MachineFailures":  {
                                               "CollectedAt":  "2026-01-06 19:17:47",
                                               "Error":  "The remote server returned an error: (404) Not Found.",
                                               "Success":  false
                                           },
                       "CurrentSessions":  {
                                               "CollectedAt":  "2026-01-06 19:17:46",
                                               "Error":  "The remote server returned an error: (404) Not Found.",
                                               "Success":  false
                                           },
                       "DisconnectedSessions":  {
                                                    "CollectedAt":  "2026-01-06 19:17:46",
                                                    "Error":  "The remote server returned an error: (404) Not Found.",
                                                    "Success":  false
                                                },
                       "LogOnPerformanceMetrics":  {
                                                       "CollectedAt":  "2026-01-06 19:17:47",
                                                       "Error":  "The remote server returned an error: (404) Not Found.",
                                                       "Success":  false
                                                   },
                       "MachinePerformanceMetrics":  {
                                                         "CollectedAt":  "2026-01-06 19:17:48",
                                                         "Error":  "The remote server returned an error: (404) Not Found.",
                                                         "Success":  false
                                                     },
                       "DesktopSessions":  {
                                               "CollectedAt":  "2026-01-06 19:17:46",
                                               "Error":  "The remote server returned an error: (404) Not Found.",
                                               "Success":  false
                                           },
                       "TrendData":  {
                                         "CollectedAt":  "2026-01-06 19:17:48",
                                         "Error":  "The remote server returned an error: (404) Not Found.",
                                         "Success":  false
                                     },
                       "AlertRuleInstanceDetailsEx":  {
                                                          "CollectedAt":  "2026-01-06 19:17:43",
                                                          "Error":  "The remote server returned an error: (404) Not Found.",
                                                          "Success":  false
                                                      },
                       "UserSessions":  {
                                            "CollectedAt":  "2026-01-06 19:17:49",
                                            "Error":  "The remote server returned an error: (404) Not Found.",
                                            "Success":  false
                                        }
                   },
    "DirectorServer":  "shcaxddcp01v.ccr.cchcs.org"
}
