﻿{
    "CollectedAt":  "2026-01-06 20:42:44",
    "Errors":  [

               ],
    "Roles":  [
                  {
                      "Name":  "Delivery Group Administrator",
                      "IsBuiltIn":  null,
                      "Uid":  null,
                      "Description":  "Can deliver applications, desktops, and machines; can also manage the associated sessions.",
                      "AssignedUsers":  [

                                        ],
                      "Scopes":  [

                                 ],
                      "AssignedADGroups":  [

                                           ]
                  },
                  {
                      "Name":  "Full Administrator",
                      "IsBuiltIn":  null,
                      "Uid":  null,
                      "Description":  "Can perform all tasks and operations.",
                      "AssignedUsers":  [

                                        ],
                      "Scopes":  [

                                 ],
                      "AssignedADGroups":  [

                                           ]
                  },
                  {
                      "Name":  "Help Desk Administrator",
                      "IsBuiltIn":  null,
                      "Uid":  null,
                      "Description":  "Can view Delivery Groups, and manage the sessions and machines associated with those groups.",
                      "AssignedUsers":  [

                                        ],
                      "Scopes":  [

                                 ],
                      "AssignedADGroups":  [

                                           ]
                  },
                  {
                      "Name":  "Host Administrator",
                      "IsBuiltIn":  null,
                      "Uid":  null,
                      "Description":  "Can manage host connections and their associated resource settings.",
                      "AssignedUsers":  [

                                        ],
                      "Scopes":  [

                                 ],
                      "AssignedADGroups":  [

                                           ]
                  },
                  {
                      "Name":  "Machine Catalog Administrator",
                      "IsBuiltIn":  null,
                      "Uid":  null,
                      "Description":  "Can create and manage Machine Catalogs and provision machines.",
                      "AssignedUsers":  [

                                        ],
                      "Scopes":  [

                                 ],
                      "AssignedADGroups":  [

                                           ]
                  },
                  {
                      "Name":  "Read Only Administrator",
                      "IsBuiltIn":  null,
                      "Uid":  null,
                      "Description":  "Can see all objects in specified scopes as well as global information, but cannot change anything.",
                      "AssignedUsers":  [

                                        ],
                      "Scopes":  [

                                 ],
                      "AssignedADGroups":  [

                                           ]
                  },
                  {
                      "Name":  "SHC Help Desk",
                      "IsBuiltIn":  null,
                      "Uid":  null,
                      "Description":  "Can view Delivery Groups, and manage the sessions and machines associated with those groups. (copy)",
                      "AssignedUsers":  [

                                        ],
                      "Scopes":  [

                                 ],
                      "AssignedADGroups":  [

                                           ]
                  },
                  {
                      "Name":  "SHC IS Desktop Support",
                      "IsBuiltIn":  null,
                      "Uid":  null,
                      "Description":  "Can view Delivery Groups, and manage the sessions and machines associated with those groups. (copy) (copy)",
                      "AssignedUsers":  [

                                        ],
                      "Scopes":  [

                                 ],
                      "AssignedADGroups":  [

                                           ]
                  }
              ],
    "TotalRoles":  8
}
