﻿{
    "CollectedAt":  "2026-01-06 20:42:41",
    "TotalDeliveryGroups":  39,
    "DeliveryGroups":  [
                           {
                               "RestartScheduleEnabled":  false,
                               "RestartSchedule":  "Not Configured",
                               "Uid":  5,
                               "RestartScheduleFrequency":  "",
                               "Name":  "App Validation",
                               "SessionSupport":  1,
                               "AvailableCount":  null,
                               "InUseCount":  null,
                               "TotalApplications":  0,
                               "RestartScheduleDaysOfWeek":  "",
                               "Enabled":  true,
                               "DesktopKind":  1,
                               "RestartScheduleStartTime":  "",
                               "TotalMachines":  null,
                               "InMaintenanceMode":  false
                           },
                           {
                               "RestartScheduleEnabled":  false,
                               "RestartSchedule":  "Not Configured",
                               "Uid":  8,
                               "RestartScheduleFrequency":  "",
                               "Name":  "Authello - OneSign PROD",
                               "SessionSupport":  1,
                               "AvailableCount":  null,
                               "InUseCount":  null,
                               "TotalApplications":  0,
                               "RestartScheduleDaysOfWeek":  "",
                               "Enabled":  true,
                               "DesktopKind":  1,
                               "RestartScheduleStartTime":  "",
                               "TotalMachines":  null,
                               "InMaintenanceMode":  false
                           },
                           {
                               "RestartScheduleEnabled":  false,
                               "RestartSchedule":  "Not Configured",
                               "Uid":  3,
                               "RestartScheduleFrequency":  "",
                               "Name":  "Authello - OneSign TEST",
                               "SessionSupport":  1,
                               "AvailableCount":  null,
                               "InUseCount":  null,
                               "TotalApplications":  0,
                               "RestartScheduleDaysOfWeek":  "",
                               "Enabled":  true,
                               "DesktopKind":  1,
                               "RestartScheduleStartTime":  "",
                               "TotalMachines":  null,
                               "InMaintenanceMode":  false
                           },
                           {
                               "RestartScheduleEnabled":  false,
                               "RestartSchedule":  "Not Configured",
                               "Uid":  9,
                               "RestartScheduleFrequency":  "",
                               "Name":  "Autologon Shared Accounts PROD",
                               "SessionSupport":  1,
                               "AvailableCount":  null,
                               "InUseCount":  null,
                               "TotalApplications":  0,
                               "RestartScheduleDaysOfWeek":  "",
                               "Enabled":  true,
                               "DesktopKind":  1,
                               "RestartScheduleStartTime":  "",
                               "TotalMachines":  null,
                               "InMaintenanceMode":  false
                           },
                           {
                               "RestartScheduleEnabled":  false,
                               "RestartSchedule":  "Not Configured",
                               "Uid":  33,
                               "RestartScheduleFrequency":  "",
                               "Name":  "BrainWare Prod",
                               "SessionSupport":  1,
                               "AvailableCount":  null,
                               "InUseCount":  null,
                               "TotalApplications":  0,
                               "RestartScheduleDaysOfWeek":  "",
                               "Enabled":  true,
                               "DesktopKind":  1,
                               "RestartScheduleStartTime":  "",
                               "TotalMachines":  null,
                               "InMaintenanceMode":  false
                           },
                           {
                               "RestartScheduleEnabled":  false,
                               "RestartSchedule":  "Not Configured",
                               "Uid":  34,
                               "RestartScheduleFrequency":  "",
                               "Name":  "BrainWare Test",
                               "SessionSupport":  1,
                               "AvailableCount":  null,
                               "InUseCount":  null,
                               "TotalApplications":  0,
                               "RestartScheduleDaysOfWeek":  "",
                               "Enabled":  true,
                               "DesktopKind":  1,
                               "RestartScheduleStartTime":  "",
                               "TotalMachines":  null,
                               "InMaintenanceMode":  false
                           },
                           {
                               "RestartScheduleEnabled":  false,
                               "RestartSchedule":  "Not Configured",
                               "Uid":  46,
                               "RestartScheduleFrequency":  "",
                               "Name":  "ClinicalDesktop_P",
                               "SessionSupport":  1,
                               "AvailableCount":  null,
                               "InUseCount":  null,
                               "TotalApplications":  0,
                               "RestartScheduleDaysOfWeek":  "",
                               "Enabled":  true,
                               "DesktopKind":  1,
                               "RestartScheduleStartTime":  "",
                               "TotalMachines":  null,
                               "InMaintenanceMode":  false
                           },
                           {
                               "RestartScheduleEnabled":  false,
                               "RestartSchedule":  "Not Configured",
                               "Uid":  44,
                               "RestartScheduleFrequency":  "",
                               "Name":  "ClinicalDesktop_T",
                               "SessionSupport":  1,
                               "AvailableCount":  null,
                               "InUseCount":  null,
                               "TotalApplications":  0,
                               "RestartScheduleDaysOfWeek":  "",
                               "Enabled":  true,
                               "DesktopKind":  1,
                               "RestartScheduleStartTime":  "",
                               "TotalMachines":  null,
                               "InMaintenanceMode":  false
                           },
                           {
                               "RestartScheduleEnabled":  false,
                               "RestartSchedule":  "Not Configured",
                               "Uid":  41,
                               "RestartScheduleFrequency":  "",
                               "Name":  "CPACS Odessa Wadley Prod",
                               "SessionSupport":  1,
                               "AvailableCount":  null,
                               "InUseCount":  null,
                               "TotalApplications":  0,
                               "RestartScheduleDaysOfWeek":  "",
                               "Enabled":  true,
                               "DesktopKind":  1,
                               "RestartScheduleStartTime":  "",
                               "TotalMachines":  null,
                               "InMaintenanceMode":  false
                           },
                           {
                               "RestartScheduleEnabled":  false,
                               "RestartSchedule":  "Not Configured",
                               "Uid":  37,
                               "RestartScheduleFrequency":  "",
                               "Name":  "CTX Utility Server",
                               "SessionSupport":  1,
                               "AvailableCount":  null,
                               "InUseCount":  null,
                               "TotalApplications":  0,
                               "RestartScheduleDaysOfWeek":  "",
                               "Enabled":  true,
                               "DesktopKind":  1,
                               "RestartScheduleStartTime":  "",
                               "TotalMachines":  null,
                               "InMaintenanceMode":  false
                           },
                           {
                               "RestartScheduleEnabled":  false,
                               "RestartSchedule":  "Not Configured",
                               "Uid":  54,
                               "RestartScheduleFrequency":  "",
                               "Name":  "General_DT_P",
                               "SessionSupport":  0,
                               "AvailableCount":  null,
                               "InUseCount":  null,
                               "TotalApplications":  0,
                               "RestartScheduleDaysOfWeek":  "",
                               "Enabled":  true,
                               "DesktopKind":  1,
                               "RestartScheduleStartTime":  "",
                               "TotalMachines":  null,
                               "InMaintenanceMode":  false
                           },
                           {
                               "RestartScheduleEnabled":  false,
                               "RestartSchedule":  "Not Configured",
                               "Uid":  47,
                               "RestartScheduleFrequency":  "",
                               "Name":  "HelpDesk_P",
                               "SessionSupport":  1,
                               "AvailableCount":  null,
                               "InUseCount":  null,
                               "TotalApplications":  0,
                               "RestartScheduleDaysOfWeek":  "",
                               "Enabled":  true,
                               "DesktopKind":  1,
                               "RestartScheduleStartTime":  "",
                               "TotalMachines":  null,
                               "InMaintenanceMode":  false
                           },
                           {
                               "RestartScheduleEnabled":  false,
                               "RestartSchedule":  "Not Configured",
                               "Uid":  24,
                               "RestartScheduleFrequency":  "",
                               "Name":  "Meditech Expanse Test",
                               "SessionSupport":  1,
                               "AvailableCount":  null,
                               "InUseCount":  null,
                               "TotalApplications":  0,
                               "RestartScheduleDaysOfWeek":  "",
                               "Enabled":  true,
                               "DesktopKind":  1,
                               "RestartScheduleStartTime":  "",
                               "TotalMachines":  null,
                               "InMaintenanceMode":  false
                           },
                           {
                               "RestartScheduleEnabled":  false,
                               "RestartSchedule":  "Not Configured",
                               "Uid":  14,
                               "RestartScheduleFrequency":  "",
                               "Name":  "Meditech Pharmacy PROD",
                               "SessionSupport":  1,
                               "AvailableCount":  null,
                               "InUseCount":  null,
                               "TotalApplications":  0,
                               "RestartScheduleDaysOfWeek":  "",
                               "Enabled":  true,
                               "DesktopKind":  1,
                               "RestartScheduleStartTime":  "",
                               "TotalMachines":  null,
                               "InMaintenanceMode":  false
                           },
                           {
                               "RestartScheduleEnabled":  false,
                               "RestartSchedule":  "Not Configured",
                               "Uid":  11,
                               "RestartScheduleFrequency":  "",
                               "Name":  "Meditech Public Tracker PROD",
                               "SessionSupport":  1,
                               "AvailableCount":  null,
                               "InUseCount":  null,
                               "TotalApplications":  0,
                               "RestartScheduleDaysOfWeek":  "",
                               "Enabled":  true,
                               "DesktopKind":  1,
                               "RestartScheduleStartTime":  "",
                               "TotalMachines":  null,
                               "InMaintenanceMode":  false
                           },
                           {
                               "RestartScheduleEnabled":  false,
                               "RestartSchedule":  "Not Configured",
                               "Uid":  26,
                               "RestartScheduleFrequency":  "",
                               "Name":  "MOSAIQ",
                               "SessionSupport":  1,
                               "AvailableCount":  null,
                               "InUseCount":  null,
                               "TotalApplications":  0,
                               "RestartScheduleDaysOfWeek":  "",
                               "Enabled":  true,
                               "DesktopKind":  1,
                               "RestartScheduleStartTime":  "",
                               "TotalMachines":  null,
                               "InMaintenanceMode":  false
                           },
                           {
                               "RestartScheduleEnabled":  false,
                               "RestartSchedule":  "Not Configured",
                               "Uid":  29,
                               "RestartScheduleFrequency":  "",
                               "Name":  "MOSAIQ Test",
                               "SessionSupport":  1,
                               "AvailableCount":  null,
                               "InUseCount":  null,
                               "TotalApplications":  0,
                               "RestartScheduleDaysOfWeek":  "",
                               "Enabled":  true,
                               "DesktopKind":  1,
                               "RestartScheduleStartTime":  "",
                               "TotalMachines":  null,
                               "InMaintenanceMode":  false
                           },
                           {
                               "RestartScheduleEnabled":  false,
                               "RestartSchedule":  "Not Configured",
                               "Uid":  35,
                               "RestartScheduleFrequency":  "",
                               "Name":  "MUSE Prod",
                               "SessionSupport":  1,
                               "AvailableCount":  null,
                               "InUseCount":  null,
                               "TotalApplications":  0,
                               "RestartScheduleDaysOfWeek":  "",
                               "Enabled":  true,
                               "DesktopKind":  1,
                               "RestartScheduleStartTime":  "",
                               "TotalMachines":  null,
                               "InMaintenanceMode":  false
                           },
                           {
                               "RestartScheduleEnabled":  false,
                               "RestartSchedule":  "Not Configured",
                               "Uid":  32,
                               "RestartScheduleFrequency":  "",
                               "Name":  "Natus EEG Database Prod",
                               "SessionSupport":  1,
                               "AvailableCount":  null,
                               "InUseCount":  null,
                               "TotalApplications":  0,
                               "RestartScheduleDaysOfWeek":  "",
                               "Enabled":  true,
                               "DesktopKind":  1,
                               "RestartScheduleStartTime":  "",
                               "TotalMachines":  null,
                               "InMaintenanceMode":  false
                           },
                           {
                               "RestartScheduleEnabled":  false,
                               "RestartSchedule":  "Not Configured",
                               "Uid":  56,
                               "RestartScheduleFrequency":  "",
                               "Name":  "ProFusion360",
                               "SessionSupport":  1,
                               "AvailableCount":  null,
                               "InUseCount":  null,
                               "TotalApplications":  0,
                               "RestartScheduleDaysOfWeek":  "",
                               "Enabled":  true,
                               "DesktopKind":  1,
                               "RestartScheduleStartTime":  "",
                               "TotalMachines":  null,
                               "InMaintenanceMode":  false
                           },
                           {
                               "RestartScheduleEnabled":  false,
                               "RestartSchedule":  "Not Configured",
                               "Uid":  45,
                               "RestartScheduleFrequency":  "",
                               "Name":  "RCMDesktop_P",
                               "SessionSupport":  1,
                               "AvailableCount":  null,
                               "InUseCount":  null,
                               "TotalApplications":  0,
                               "RestartScheduleDaysOfWeek":  "",
                               "Enabled":  true,
                               "DesktopKind":  1,
                               "RestartScheduleStartTime":  "",
                               "TotalMachines":  null,
                               "InMaintenanceMode":  false
                           },
                           {
                               "RestartScheduleEnabled":  false,
                               "RestartSchedule":  "Not Configured",
                               "Uid":  48,
                               "RestartScheduleFrequency":  "",
                               "Name":  "RCMDesktop_T",
                               "SessionSupport":  1,
                               "AvailableCount":  null,
                               "InUseCount":  null,
                               "TotalApplications":  0,
                               "RestartScheduleDaysOfWeek":  "",
                               "Enabled":  true,
                               "DesktopKind":  1,
                               "RestartScheduleStartTime":  "",
                               "TotalMachines":  null,
                               "InMaintenanceMode":  false
                           },
                           {
                               "RestartScheduleEnabled":  false,
                               "RestartSchedule":  "Not Configured",
                               "Uid":  36,
                               "RestartScheduleFrequency":  "",
                               "Name":  "Scenic Mountain Prod",
                               "SessionSupport":  1,
                               "AvailableCount":  null,
                               "InUseCount":  null,
                               "TotalApplications":  0,
                               "RestartScheduleDaysOfWeek":  "",
                               "Enabled":  true,
                               "DesktopKind":  1,
                               "RestartScheduleStartTime":  "",
                               "TotalMachines":  null,
                               "InMaintenanceMode":  false
                           },
                           {
                               "RestartScheduleEnabled":  false,
                               "RestartSchedule":  "Not Configured",
                               "Uid":  53,
                               "RestartScheduleFrequency":  "",
                               "Name":  "SFL_CPACS_P",
                               "SessionSupport":  1,
                               "AvailableCount":  null,
                               "InUseCount":  null,
                               "TotalApplications":  0,
                               "RestartScheduleDaysOfWeek":  "",
                               "Enabled":  true,
                               "DesktopKind":  1,
                               "RestartScheduleStartTime":  "",
                               "TotalMachines":  null,
                               "InMaintenanceMode":  false
                           },
                           {
                               "RestartScheduleEnabled":  false,
                               "RestartSchedule":  "Not Configured",
                               "Uid":  23,
                               "RestartScheduleFrequency":  "",
                               "Name":  "Shared_P",
                               "SessionSupport":  1,
                               "AvailableCount":  null,
                               "InUseCount":  null,
                               "TotalApplications":  0,
                               "RestartScheduleDaysOfWeek":  "",
                               "Enabled":  true,
                               "DesktopKind":  1,
                               "RestartScheduleStartTime":  "",
                               "TotalMachines":  null,
                               "InMaintenanceMode":  false
                           },
                           {
                               "RestartScheduleEnabled":  false,
                               "RestartSchedule":  "Not Configured",
                               "Uid":  20,
                               "RestartScheduleFrequency":  "",
                               "Name":  "SIS - Production",
                               "SessionSupport":  1,
                               "AvailableCount":  null,
                               "InUseCount":  null,
                               "TotalApplications":  0,
                               "RestartScheduleDaysOfWeek":  "",
                               "Enabled":  true,
                               "DesktopKind":  1,
                               "RestartScheduleStartTime":  "",
                               "TotalMachines":  null,
                               "InMaintenanceMode":  false
                           },
                           {
                               "RestartScheduleEnabled":  false,
                               "RestartSchedule":  "Not Configured",
                               "Uid":  21,
                               "RestartScheduleFrequency":  "",
                               "Name":  "SIS - Test",
                               "SessionSupport":  1,
                               "AvailableCount":  null,
                               "InUseCount":  null,
                               "TotalApplications":  0,
                               "RestartScheduleDaysOfWeek":  "",
                               "Enabled":  true,
                               "DesktopKind":  1,
                               "RestartScheduleStartTime":  "",
                               "TotalMachines":  null,
                               "InMaintenanceMode":  false
                           },
                           {
                               "RestartScheduleEnabled":  false,
                               "RestartSchedule":  "Not Configured",
                               "Uid":  51,
                               "RestartScheduleFrequency":  "",
                               "Name":  "Site2Apps_P_W16",
                               "SessionSupport":  1,
                               "AvailableCount":  null,
                               "InUseCount":  null,
                               "TotalApplications":  0,
                               "RestartScheduleDaysOfWeek":  "",
                               "Enabled":  true,
                               "DesktopKind":  1,
                               "RestartScheduleStartTime":  "",
                               "TotalMachines":  null,
                               "InMaintenanceMode":  false
                           },
                           {
                               "RestartScheduleEnabled":  false,
                               "RestartSchedule":  "Not Configured",
                               "Uid":  50,
                               "RestartScheduleFrequency":  "",
                               "Name":  "Site2Apps_T_W16",
                               "SessionSupport":  1,
                               "AvailableCount":  null,
                               "InUseCount":  null,
                               "TotalApplications":  0,
                               "RestartScheduleDaysOfWeek":  "",
                               "Enabled":  true,
                               "DesktopKind":  1,
                               "RestartScheduleStartTime":  "",
                               "TotalMachines":  null,
                               "InMaintenanceMode":  false
                           },
                           {
                               "RestartScheduleEnabled":  false,
                               "RestartSchedule":  "Not Configured",
                               "Uid":  52,
                               "RestartScheduleFrequency":  "",
                               "Name":  "Site2SharedApps_P_W16",
                               "SessionSupport":  1,
                               "AvailableCount":  null,
                               "InUseCount":  null,
                               "TotalApplications":  0,
                               "RestartScheduleDaysOfWeek":  "",
                               "Enabled":  true,
                               "DesktopKind":  1,
                               "RestartScheduleStartTime":  "",
                               "TotalMachines":  null,
                               "InMaintenanceMode":  false
                           },
                           {
                               "RestartScheduleEnabled":  false,
                               "RestartSchedule":  "Not Configured",
                               "Uid":  38,
                               "RestartScheduleFrequency":  "",
                               "Name":  "South Florida Prod",
                               "SessionSupport":  1,
                               "AvailableCount":  null,
                               "InUseCount":  null,
                               "TotalApplications":  0,
                               "RestartScheduleDaysOfWeek":  "",
                               "Enabled":  true,
                               "DesktopKind":  1,
                               "RestartScheduleStartTime":  "",
                               "TotalMachines":  null,
                               "InMaintenanceMode":  false
                           },
                           {
                               "RestartScheduleEnabled":  false,
                               "RestartSchedule":  "Not Configured",
                               "Uid":  2,
                               "RestartScheduleFrequency":  "",
                               "Name":  "Steward Apps W2K16 PROD",
                               "SessionSupport":  1,
                               "AvailableCount":  null,
                               "InUseCount":  null,
                               "TotalApplications":  0,
                               "RestartScheduleDaysOfWeek":  "",
                               "Enabled":  true,
                               "DesktopKind":  1,
                               "RestartScheduleStartTime":  "",
                               "TotalMachines":  null,
                               "InMaintenanceMode":  false
                           },
                           {
                               "RestartScheduleEnabled":  false,
                               "RestartSchedule":  "Not Configured",
                               "Uid":  28,
                               "RestartScheduleFrequency":  "",
                               "Name":  "SYSTOC Prod",
                               "SessionSupport":  1,
                               "AvailableCount":  null,
                               "InUseCount":  null,
                               "TotalApplications":  0,
                               "RestartScheduleDaysOfWeek":  "",
                               "Enabled":  true,
                               "DesktopKind":  1,
                               "RestartScheduleStartTime":  "",
                               "TotalMachines":  null,
                               "InMaintenanceMode":  false
                           },
                           {
                               "RestartScheduleEnabled":  false,
                               "RestartSchedule":  "Not Configured",
                               "Uid":  27,
                               "RestartScheduleFrequency":  "",
                               "Name":  "VARIAN PROD",
                               "SessionSupport":  1,
                               "AvailableCount":  null,
                               "InUseCount":  null,
                               "TotalApplications":  0,
                               "RestartScheduleDaysOfWeek":  "",
                               "Enabled":  true,
                               "DesktopKind":  1,
                               "RestartScheduleStartTime":  "",
                               "TotalMachines":  null,
                               "InMaintenanceMode":  false
                           },
                           {
                               "RestartScheduleEnabled":  false,
                               "RestartSchedule":  "Not Configured",
                               "Uid":  30,
                               "RestartScheduleFrequency":  "",
                               "Name":  "VARIAN TEST",
                               "SessionSupport":  1,
                               "AvailableCount":  null,
                               "InUseCount":  null,
                               "TotalApplications":  0,
                               "RestartScheduleDaysOfWeek":  "",
                               "Enabled":  true,
                               "DesktopKind":  1,
                               "RestartScheduleStartTime":  "",
                               "TotalMachines":  null,
                               "InMaintenanceMode":  false
                           },
                           {
                               "RestartScheduleEnabled":  false,
                               "RestartSchedule":  "Not Configured",
                               "Uid":  43,
                               "RestartScheduleFrequency":  "",
                               "Name":  "W2K8_T_Apps1",
                               "SessionSupport":  1,
                               "AvailableCount":  null,
                               "InUseCount":  null,
                               "TotalApplications":  0,
                               "RestartScheduleDaysOfWeek":  "",
                               "Enabled":  true,
                               "DesktopKind":  1,
                               "RestartScheduleStartTime":  "",
                               "TotalMachines":  null,
                               "InMaintenanceMode":  false
                           },
                           {
                               "RestartScheduleEnabled":  false,
                               "RestartSchedule":  "Not Configured",
                               "Uid":  17,
                               "RestartScheduleFrequency":  "",
                               "Name":  "West_P",
                               "SessionSupport":  1,
                               "AvailableCount":  null,
                               "InUseCount":  null,
                               "TotalApplications":  0,
                               "RestartScheduleDaysOfWeek":  "",
                               "Enabled":  true,
                               "DesktopKind":  1,
                               "RestartScheduleStartTime":  "",
                               "TotalMachines":  null,
                               "InMaintenanceMode":  false
                           },
                           {
                               "RestartScheduleEnabled":  false,
                               "RestartSchedule":  "Not Configured",
                               "Uid":  18,
                               "RestartScheduleFrequency":  "",
                               "Name":  "West_T",
                               "SessionSupport":  1,
                               "AvailableCount":  null,
                               "InUseCount":  null,
                               "TotalApplications":  0,
                               "RestartScheduleDaysOfWeek":  "",
                               "Enabled":  true,
                               "DesktopKind":  1,
                               "RestartScheduleStartTime":  "",
                               "TotalMachines":  null,
                               "InMaintenanceMode":  false
                           },
                           {
                               "RestartScheduleEnabled":  false,
                               "RestartSchedule":  "Not Configured",
                               "Uid":  55,
                               "RestartScheduleFrequency":  "",
                               "Name":  "Win11_Persistent_T",
                               "SessionSupport":  0,
                               "AvailableCount":  null,
                               "InUseCount":  null,
                               "TotalApplications":  0,
                               "RestartScheduleDaysOfWeek":  "",
                               "Enabled":  true,
                               "DesktopKind":  0,
                               "RestartScheduleStartTime":  "",
                               "TotalMachines":  null,
                               "InMaintenanceMode":  false
                           }
                       ]
}
