﻿{
    "CollectedAt":  "2026-01-06 14:34:59",
    "Desktops":  [
                     {
                         "InUseCount":  null,
                         "MaintenanceMode":  false,
                         "Enabled":  true,
                         "AvailableCount":  null,
                         "TotalMachines":  null,
                         "Name":  "App Validation",
                         "SessionSupport":  1,
                         "Uid":  5,
                         "DesktopKind":  1
                     },
                     {
                         "InUseCount":  null,
                         "MaintenanceMode":  false,
                         "Enabled":  true,
                         "AvailableCount":  null,
                         "TotalMachines":  null,
                         "Name":  "Authello - OneSign PROD",
                         "SessionSupport":  1,
                         "Uid":  8,
                         "DesktopKind":  1
                     },
                     {
                         "InUseCount":  null,
                         "MaintenanceMode":  false,
                         "Enabled":  true,
                         "AvailableCount":  null,
                         "TotalMachines":  null,
                         "Name":  "Authello - OneSign TEST",
                         "SessionSupport":  1,
                         "Uid":  3,
                         "DesktopKind":  1
                     },
                     {
                         "InUseCount":  null,
                         "MaintenanceMode":  false,
                         "Enabled":  true,
                         "AvailableCount":  null,
                         "TotalMachines":  null,
                         "Name":  "Autologon Shared Accounts PROD",
                         "SessionSupport":  1,
                         "Uid":  9,
                         "DesktopKind":  1
                     },
                     {
                         "InUseCount":  null,
                         "MaintenanceMode":  false,
                         "Enabled":  true,
                         "AvailableCount":  null,
                         "TotalMachines":  null,
                         "Name":  "BrainWare Prod",
                         "SessionSupport":  1,
                         "Uid":  33,
                         "DesktopKind":  1
                     },
                     {
                         "InUseCount":  null,
                         "MaintenanceMode":  false,
                         "Enabled":  true,
                         "AvailableCount":  null,
                         "TotalMachines":  null,
                         "Name":  "BrainWare Test",
                         "SessionSupport":  1,
                         "Uid":  34,
                         "DesktopKind":  1
                     },
                     {
                         "InUseCount":  null,
                         "MaintenanceMode":  false,
                         "Enabled":  true,
                         "AvailableCount":  null,
                         "TotalMachines":  null,
                         "Name":  "ClinicalDesktop_P",
                         "SessionSupport":  1,
                         "Uid":  46,
                         "DesktopKind":  1
                     },
                     {
                         "InUseCount":  null,
                         "MaintenanceMode":  false,
                         "Enabled":  true,
                         "AvailableCount":  null,
                         "TotalMachines":  null,
                         "Name":  "ClinicalDesktop_T",
                         "SessionSupport":  1,
                         "Uid":  44,
                         "DesktopKind":  1
                     },
                     {
                         "InUseCount":  null,
                         "MaintenanceMode":  false,
                         "Enabled":  true,
                         "AvailableCount":  null,
                         "TotalMachines":  null,
                         "Name":  "CPACS Odessa Wadley Prod",
                         "SessionSupport":  1,
                         "Uid":  41,
                         "DesktopKind":  1
                     },
                     {
                         "InUseCount":  null,
                         "MaintenanceMode":  false,
                         "Enabled":  true,
                         "AvailableCount":  null,
                         "TotalMachines":  null,
                         "Name":  "CTX Utility Server",
                         "SessionSupport":  1,
                         "Uid":  37,
                         "DesktopKind":  1
                     },
                     {
                         "InUseCount":  null,
                         "MaintenanceMode":  false,
                         "Enabled":  true,
                         "AvailableCount":  null,
                         "TotalMachines":  null,
                         "Name":  "General_DT_P",
                         "SessionSupport":  0,
                         "Uid":  54,
                         "DesktopKind":  1
                     },
                     {
                         "InUseCount":  null,
                         "MaintenanceMode":  false,
                         "Enabled":  true,
                         "AvailableCount":  null,
                         "TotalMachines":  null,
                         "Name":  "HelpDesk_P",
                         "SessionSupport":  1,
                         "Uid":  47,
                         "DesktopKind":  1
                     },
                     {
                         "InUseCount":  null,
                         "MaintenanceMode":  false,
                         "Enabled":  true,
                         "AvailableCount":  null,
                         "TotalMachines":  null,
                         "Name":  "Meditech Expanse Test",
                         "SessionSupport":  1,
                         "Uid":  24,
                         "DesktopKind":  1
                     },
                     {
                         "InUseCount":  null,
                         "MaintenanceMode":  false,
                         "Enabled":  true,
                         "AvailableCount":  null,
                         "TotalMachines":  null,
                         "Name":  "Meditech Pharmacy PROD",
                         "SessionSupport":  1,
                         "Uid":  14,
                         "DesktopKind":  1
                     },
                     {
                         "InUseCount":  null,
                         "MaintenanceMode":  false,
                         "Enabled":  true,
                         "AvailableCount":  null,
                         "TotalMachines":  null,
                         "Name":  "Meditech Public Tracker PROD",
                         "SessionSupport":  1,
                         "Uid":  11,
                         "DesktopKind":  1
                     },
                     {
                         "InUseCount":  null,
                         "MaintenanceMode":  false,
                         "Enabled":  true,
                         "AvailableCount":  null,
                         "TotalMachines":  null,
                         "Name":  "MOSAIQ",
                         "SessionSupport":  1,
                         "Uid":  26,
                         "DesktopKind":  1
                     },
                     {
                         "InUseCount":  null,
                         "MaintenanceMode":  false,
                         "Enabled":  true,
                         "AvailableCount":  null,
                         "TotalMachines":  null,
                         "Name":  "MOSAIQ Test",
                         "SessionSupport":  1,
                         "Uid":  29,
                         "DesktopKind":  1
                     },
                     {
                         "InUseCount":  null,
                         "MaintenanceMode":  false,
                         "Enabled":  true,
                         "AvailableCount":  null,
                         "TotalMachines":  null,
                         "Name":  "MUSE Prod",
                         "SessionSupport":  1,
                         "Uid":  35,
                         "DesktopKind":  1
                     },
                     {
                         "InUseCount":  null,
                         "MaintenanceMode":  false,
                         "Enabled":  true,
                         "AvailableCount":  null,
                         "TotalMachines":  null,
                         "Name":  "Natus EEG Database Prod",
                         "SessionSupport":  1,
                         "Uid":  32,
                         "DesktopKind":  1
                     },
                     {
                         "InUseCount":  null,
                         "MaintenanceMode":  false,
                         "Enabled":  true,
                         "AvailableCount":  null,
                         "TotalMachines":  null,
                         "Name":  "ProFusion360",
                         "SessionSupport":  1,
                         "Uid":  56,
                         "DesktopKind":  1
                     },
                     {
                         "InUseCount":  null,
                         "MaintenanceMode":  false,
                         "Enabled":  true,
                         "AvailableCount":  null,
                         "TotalMachines":  null,
                         "Name":  "RCMDesktop_P",
                         "SessionSupport":  1,
                         "Uid":  45,
                         "DesktopKind":  1
                     },
                     {
                         "InUseCount":  null,
                         "MaintenanceMode":  false,
                         "Enabled":  true,
                         "AvailableCount":  null,
                         "TotalMachines":  null,
                         "Name":  "RCMDesktop_T",
                         "SessionSupport":  1,
                         "Uid":  48,
                         "DesktopKind":  1
                     },
                     {
                         "InUseCount":  null,
                         "MaintenanceMode":  false,
                         "Enabled":  true,
                         "AvailableCount":  null,
                         "TotalMachines":  null,
                         "Name":  "Scenic Mountain Prod",
                         "SessionSupport":  1,
                         "Uid":  36,
                         "DesktopKind":  1
                     },
                     {
                         "InUseCount":  null,
                         "MaintenanceMode":  false,
                         "Enabled":  true,
                         "AvailableCount":  null,
                         "TotalMachines":  null,
                         "Name":  "SFL_CPACS_P",
                         "SessionSupport":  1,
                         "Uid":  53,
                         "DesktopKind":  1
                     },
                     {
                         "InUseCount":  null,
                         "MaintenanceMode":  false,
                         "Enabled":  true,
                         "AvailableCount":  null,
                         "TotalMachines":  null,
                         "Name":  "Shared_P",
                         "SessionSupport":  1,
                         "Uid":  23,
                         "DesktopKind":  1
                     },
                     {
                         "InUseCount":  null,
                         "MaintenanceMode":  false,
                         "Enabled":  true,
                         "AvailableCount":  null,
                         "TotalMachines":  null,
                         "Name":  "SIS - Production",
                         "SessionSupport":  1,
                         "Uid":  20,
                         "DesktopKind":  1
                     },
                     {
                         "InUseCount":  null,
                         "MaintenanceMode":  false,
                         "Enabled":  true,
                         "AvailableCount":  null,
                         "TotalMachines":  null,
                         "Name":  "SIS - Test",
                         "SessionSupport":  1,
                         "Uid":  21,
                         "DesktopKind":  1
                     },
                     {
                         "InUseCount":  null,
                         "MaintenanceMode":  false,
                         "Enabled":  true,
                         "AvailableCount":  null,
                         "TotalMachines":  null,
                         "Name":  "Site2Apps_P_W16",
                         "SessionSupport":  1,
                         "Uid":  51,
                         "DesktopKind":  1
                     },
                     {
                         "InUseCount":  null,
                         "MaintenanceMode":  false,
                         "Enabled":  true,
                         "AvailableCount":  null,
                         "TotalMachines":  null,
                         "Name":  "Site2Apps_T_W16",
                         "SessionSupport":  1,
                         "Uid":  50,
                         "DesktopKind":  1
                     },
                     {
                         "InUseCount":  null,
                         "MaintenanceMode":  false,
                         "Enabled":  true,
                         "AvailableCount":  null,
                         "TotalMachines":  null,
                         "Name":  "Site2SharedApps_P_W16",
                         "SessionSupport":  1,
                         "Uid":  52,
                         "DesktopKind":  1
                     },
                     {
                         "InUseCount":  null,
                         "MaintenanceMode":  false,
                         "Enabled":  true,
                         "AvailableCount":  null,
                         "TotalMachines":  null,
                         "Name":  "South Florida Prod",
                         "SessionSupport":  1,
                         "Uid":  38,
                         "DesktopKind":  1
                     },
                     {
                         "InUseCount":  null,
                         "MaintenanceMode":  false,
                         "Enabled":  true,
                         "AvailableCount":  null,
                         "TotalMachines":  null,
                         "Name":  "Steward Apps W2K16 PROD",
                         "SessionSupport":  1,
                         "Uid":  2,
                         "DesktopKind":  1
                     },
                     {
                         "InUseCount":  null,
                         "MaintenanceMode":  false,
                         "Enabled":  true,
                         "AvailableCount":  null,
                         "TotalMachines":  null,
                         "Name":  "SYSTOC Prod",
                         "SessionSupport":  1,
                         "Uid":  28,
                         "DesktopKind":  1
                     },
                     {
                         "InUseCount":  null,
                         "MaintenanceMode":  false,
                         "Enabled":  true,
                         "AvailableCount":  null,
                         "TotalMachines":  null,
                         "Name":  "VARIAN PROD",
                         "SessionSupport":  1,
                         "Uid":  27,
                         "DesktopKind":  1
                     },
                     {
                         "InUseCount":  null,
                         "MaintenanceMode":  false,
                         "Enabled":  true,
                         "AvailableCount":  null,
                         "TotalMachines":  null,
                         "Name":  "VARIAN TEST",
                         "SessionSupport":  1,
                         "Uid":  30,
                         "DesktopKind":  1
                     },
                     {
                         "InUseCount":  null,
                         "MaintenanceMode":  false,
                         "Enabled":  true,
                         "AvailableCount":  null,
                         "TotalMachines":  null,
                         "Name":  "W2K8_T_Apps1",
                         "SessionSupport":  1,
                         "Uid":  43,
                         "DesktopKind":  1
                     },
                     {
                         "InUseCount":  null,
                         "MaintenanceMode":  false,
                         "Enabled":  true,
                         "AvailableCount":  null,
                         "TotalMachines":  null,
                         "Name":  "West_P",
                         "SessionSupport":  1,
                         "Uid":  17,
                         "DesktopKind":  1
                     },
                     {
                         "InUseCount":  null,
                         "MaintenanceMode":  false,
                         "Enabled":  true,
                         "AvailableCount":  null,
                         "TotalMachines":  null,
                         "Name":  "West_T",
                         "SessionSupport":  1,
                         "Uid":  18,
                         "DesktopKind":  1
                     }
                 ],
    "TotalPublishedDesktops":  38
}
