﻿{
    "TotalCatalogs":  33,
    "CollectedAt":  "2025-12-15 14:27:51",
    "Catalogs":  [
                     {
                         "InUseCount":  null,
                         "AvailableCount":  0,
                         "ProvisioningType":  0,
                         "PersistUserChanges":  0,
                         "Name":  "A_CL10_W2K8_COPATH",
                         "SessionSupport":  1,
                         "TotalCount":  null,
                         "AllocationType":  1,
                         "Uid":  17
                     },
                     {
                         "InUseCount":  null,
                         "AvailableCount":  0,
                         "ProvisioningType":  0,
                         "PersistUserChanges":  0,
                         "Name":  "A_CL10_W2K8_P_FETAL",
                         "SessionSupport":  1,
                         "TotalCount":  null,
                         "AllocationType":  1,
                         "Uid":  16
                     },
                     {
                         "InUseCount":  null,
                         "AvailableCount":  0,
                         "ProvisioningType":  0,
                         "PersistUserChanges":  0,
                         "Name":  "A_CL10_W2K8_T_Apps1",
                         "SessionSupport":  1,
                         "TotalCount":  null,
                         "AllocationType":  1,
                         "Uid":  15
                     },
                     {
                         "InUseCount":  null,
                         "AvailableCount":  1,
                         "ProvisioningType":  1,
                         "PersistUserChanges":  1,
                         "Name":  "A_MAIN",
                         "SessionSupport":  1,
                         "TotalCount":  null,
                         "AllocationType":  1,
                         "Uid":  43
                     },
                     {
                         "InUseCount":  null,
                         "AvailableCount":  0,
                         "ProvisioningType":  2,
                         "PersistUserChanges":  1,
                         "Name":  "Authello_P_A_CLXX_W16",
                         "SessionSupport":  1,
                         "TotalCount":  null,
                         "AllocationType":  1,
                         "Uid":  30
                     },
                     {
                         "InUseCount":  null,
                         "AvailableCount":  0,
                         "ProvisioningType":  2,
                         "PersistUserChanges":  1,
                         "Name":  "Authello_T_A_CLXX_W16",
                         "SessionSupport":  1,
                         "TotalCount":  null,
                         "AllocationType":  1,
                         "Uid":  34
                     },
                     {
                         "InUseCount":  null,
                         "AvailableCount":  0,
                         "ProvisioningType":  2,
                         "PersistUserChanges":  1,
                         "Name":  "Clinical_Desktop_P_M_CL01_W22",
                         "SessionSupport":  1,
                         "TotalCount":  null,
                         "AllocationType":  1,
                         "Uid":  32
                     },
                     {
                         "InUseCount":  null,
                         "AvailableCount":  0,
                         "ProvisioningType":  2,
                         "PersistUserChanges":  1,
                         "Name":  "Clinical_Desktop_T_M_CL01_W22",
                         "SessionSupport":  1,
                         "TotalCount":  null,
                         "AllocationType":  1,
                         "Uid":  19
                     },
                     {
                         "InUseCount":  null,
                         "AvailableCount":  0,
                         "ProvisioningType":  0,
                         "PersistUserChanges":  0,
                         "Name":  "CTXUtility",
                         "SessionSupport":  1,
                         "TotalCount":  null,
                         "AllocationType":  1,
                         "Uid":  13
                     },
                     {
                         "InUseCount":  null,
                         "AvailableCount":  0,
                         "ProvisioningType":  2,
                         "PersistUserChanges":  1,
                         "Name":  "GeneralDesktop_P_CL07_W11",
                         "SessionSupport":  0,
                         "TotalCount":  null,
                         "AllocationType":  1,
                         "Uid":  35
                     },
                     {
                         "InUseCount":  null,
                         "AvailableCount":  0,
                         "ProvisioningType":  2,
                         "PersistUserChanges":  1,
                         "Name":  "HelpDesk_P_A_CLXX_W16",
                         "SessionSupport":  1,
                         "TotalCount":  null,
                         "AllocationType":  1,
                         "Uid":  29
                     },
                     {
                         "InUseCount":  null,
                         "AvailableCount":  0,
                         "ProvisioningType":  2,
                         "PersistUserChanges":  1,
                         "Name":  "Main_T_A_CLXX_W16",
                         "SessionSupport":  1,
                         "TotalCount":  null,
                         "AllocationType":  1,
                         "Uid":  26
                     },
                     {
                         "InUseCount":  null,
                         "AvailableCount":  0,
                         "ProvisioningType":  1,
                         "PersistUserChanges":  1,
                         "Name":  "MAIN_TEST",
                         "SessionSupport":  1,
                         "TotalCount":  null,
                         "AllocationType":  1,
                         "Uid":  42
                     },
                     {
                         "InUseCount":  null,
                         "AvailableCount":  0,
                         "ProvisioningType":  0,
                         "PersistUserChanges":  0,
                         "Name":  "Manual Non-Provisioned VDAs",
                         "SessionSupport":  1,
                         "TotalCount":  null,
                         "AllocationType":  1,
                         "Uid":  12
                     },
                     {
                         "InUseCount":  null,
                         "AvailableCount":  2,
                         "ProvisioningType":  1,
                         "PersistUserChanges":  1,
                         "Name":  "MIGRATED_TEST App Servers West",
                         "SessionSupport":  1,
                         "TotalCount":  null,
                         "AllocationType":  1,
                         "Uid":  5
                     },
                     {
                         "InUseCount":  null,
                         "AvailableCount":  0,
                         "ProvisioningType":  0,
                         "PersistUserChanges":  0,
                         "Name":  "Non-Provisioned No Power Mgmt",
                         "SessionSupport":  1,
                         "TotalCount":  null,
                         "AllocationType":  1,
                         "Uid":  14
                     },
                     {
                         "InUseCount":  null,
                         "AvailableCount":  28,
                         "ProvisioningType":  1,
                         "PersistUserChanges":  1,
                         "Name":  "PROD APP Servers W2K16",
                         "SessionSupport":  1,
                         "TotalCount":  null,
                         "AllocationType":  1,
                         "Uid":  2
                     },
                     {
                         "InUseCount":  null,
                         "AvailableCount":  7,
                         "ProvisioningType":  1,
                         "PersistUserChanges":  1,
                         "Name":  "PROD App Servers West",
                         "SessionSupport":  1,
                         "TotalCount":  null,
                         "AllocationType":  1,
                         "Uid":  6
                     },
                     {
                         "InUseCount":  null,
                         "AvailableCount":  4,
                         "ProvisioningType":  1,
                         "PersistUserChanges":  1,
                         "Name":  "Prod Servers W2K16",
                         "SessionSupport":  1,
                         "TotalCount":  null,
                         "AllocationType":  1,
                         "Uid":  11
                     },
                     {
                         "InUseCount":  null,
                         "AvailableCount":  0,
                         "ProvisioningType":  0,
                         "PersistUserChanges":  0,
                         "Name":  "ProFusion",
                         "SessionSupport":  1,
                         "TotalCount":  null,
                         "AllocationType":  1,
                         "Uid":  41
                     },
                     {
                         "InUseCount":  null,
                         "AvailableCount":  0,
                         "ProvisioningType":  2,
                         "PersistUserChanges":  1,
                         "Name":  "RCM_Desktop_P_A_CL07_W22",
                         "SessionSupport":  1,
                         "TotalCount":  null,
                         "AllocationType":  1,
                         "Uid":  20
                     },
                     {
                         "InUseCount":  null,
                         "AvailableCount":  0,
                         "ProvisioningType":  2,
                         "PersistUserChanges":  1,
                         "Name":  "RCM_Desktop_T_A_CL07_W22",
                         "SessionSupport":  1,
                         "TotalCount":  null,
                         "AllocationType":  1,
                         "Uid":  36
                     },
                     {
                         "InUseCount":  null,
                         "AvailableCount":  2,
                         "ProvisioningType":  2,
                         "PersistUserChanges":  1,
                         "Name":  "SFL_CPACS_CORAL_P_M_CL1_W16",
                         "SessionSupport":  1,
                         "TotalCount":  null,
                         "AllocationType":  1,
                         "Uid":  38
                     },
                     {
                         "InUseCount":  null,
                         "AvailableCount":  0,
                         "ProvisioningType":  2,
                         "PersistUserChanges":  1,
                         "Name":  "SFL_CPACS_P_M_CL1_W16",
                         "SessionSupport":  1,
                         "TotalCount":  null,
                         "AllocationType":  1,
                         "Uid":  37
                     },
                     {
                         "InUseCount":  null,
                         "AvailableCount":  0,
                         "ProvisioningType":  2,
                         "PersistUserChanges":  1,
                         "Name":  "Shared_P_A_CLXX_W16",
                         "SessionSupport":  1,
                         "TotalCount":  null,
                         "AllocationType":  1,
                         "Uid":  25
                     },
                     {
                         "InUseCount":  null,
                         "AvailableCount":  0,
                         "ProvisioningType":  2,
                         "PersistUserChanges":  1,
                         "Name":  "Site2Main_P_A_CLXX_W16",
                         "SessionSupport":  1,
                         "TotalCount":  null,
                         "AllocationType":  1,
                         "Uid":  22
                     },
                     {
                         "InUseCount":  null,
                         "AvailableCount":  0,
                         "ProvisioningType":  2,
                         "PersistUserChanges":  1,
                         "Name":  "Site2Main_T_A_CLXX_W16",
                         "SessionSupport":  1,
                         "TotalCount":  null,
                         "AllocationType":  1,
                         "Uid":  31
                     },
                     {
                         "InUseCount":  null,
                         "AvailableCount":  0,
                         "ProvisioningType":  2,
                         "PersistUserChanges":  1,
                         "Name":  "Site2Shared_P_A_CLXX_W16",
                         "SessionSupport":  1,
                         "TotalCount":  null,
                         "AllocationType":  1,
                         "Uid":  24
                     },
                     {
                         "InUseCount":  null,
                         "AvailableCount":  0,
                         "ProvisioningType":  0,
                         "PersistUserChanges":  0,
                         "Name":  "Steward XA 715 LTSR",
                         "SessionSupport":  1,
                         "TotalCount":  null,
                         "AllocationType":  1,
                         "Uid":  9
                     },
                     {
                         "InUseCount":  null,
                         "AvailableCount":  7,
                         "ProvisioningType":  1,
                         "PersistUserChanges":  1,
                         "Name":  "TEST APP Servers W2K16",
                         "SessionSupport":  1,
                         "TotalCount":  null,
                         "AllocationType":  1,
                         "Uid":  1
                     },
                     {
                         "InUseCount":  null,
                         "AvailableCount":  0,
                         "ProvisioningType":  2,
                         "PersistUserChanges":  1,
                         "Name":  "West_P_A_CLXX_W16",
                         "SessionSupport":  1,
                         "TotalCount":  null,
                         "AllocationType":  1,
                         "Uid":  21
                     },
                     {
                         "InUseCount":  null,
                         "AvailableCount":  0,
                         "ProvisioningType":  2,
                         "PersistUserChanges":  1,
                         "Name":  "West_T_A_CLXX_W16",
                         "SessionSupport":  1,
                         "TotalCount":  null,
                         "AllocationType":  1,
                         "Uid":  33
                     },
                     {
                         "InUseCount":  null,
                         "AvailableCount":  7,
                         "ProvisioningType":  2,
                         "PersistUserChanges":  0,
                         "Name":  "Win11_Persistent_T",
                         "SessionSupport":  0,
                         "TotalCount":  null,
                         "AllocationType":  0,
                         "Uid":  40
                     }
                 ]
}
